Oscilloscope Run,Temp
1,22.867111111111136
2,22.96777777777779
3,22.998111111111115
4,23.078111111111074
5,23.14300000000004
